{
	"class_name" : "PoseGraph",
	"edges" : 
	[
		{
			"class_name" : "PoseGraphEdge",
			"confidence" : 1.0,
			"information" : 
			[
				2630.5614765291484,
				1627.5045415485774,
				-1755.6183223740591,
				0.0,
				-82.375829127024019,
				-2.8037586655628415,
				1627.5045415485774,
				8973.2226677087383,
				204.25308239526018,
				82.375829127024019,
				0.0,
				-297.07165273889973,
				-1755.6183223740591,
				204.25308239526018,
				10525.876357083702,
				2.8037586655628415,
				297.07165273889973,
				0.0,
				0.0,
				82.375829127024019,
				2.8037586655628415,
				38.0,
				0.0,
				0.0,
				-82.375829127024019,
				0.0,
				297.07165273889973,
				0.0,
				38.0,
				0.0,
				-2.8037586655628415,
				-297.07165273889973,
				0.0,
				0.0,
				0.0,
				38.0
			],
			"source_node_id" : 0,
			"target_node_id" : 1,
			"transformation" : 
			[
				0.98792575327296972,
				0.15490648903798715,
				0.0025856670237668316,
				0.0,
				-0.15491820823378091,
				0.98791357628676546,
				0.0052071629441371474,
				0.0,
				-0.0017477922270112728,
				-0.005544857276412911,
				0.99998309974724786,
				0.0,
				-5.693890132323669,
				1.6673525706880126,
				1.4626691624690766,
				1.0
			],
			"uncertain" : false,
			"version_major" : 1,
			"version_minor" : 0
		},
		{
			"class_name" : "PoseGraphEdge",
			"confidence" : 1.0,
			"information" : 
			[
				11234.116901588757,
				4560.0409696884426,
				-5553.0992121525051,
				0.0,
				-505.1882159216326,
				-83.987747800515208,
				4560.0409696884426,
				20952.054629503531,
				-697.86236369082303,
				505.1882159216326,
				0.0,
				-1212.8944980693291,
				-5553.0992121525051,
				-697.86236369082303,
				26431.202766007311,
				83.987747800515208,
				1212.8944980693291,
				0.0,
				0.0,
				505.1882159216326,
				83.987747800515208,
				115.0,
				0.0,
				0.0,
				-505.1882159216326,
				0.0,
				1212.8944980693291,
				0.0,
				115.0,
				0.0,
				-83.987747800515208,
				-1212.8944980693291,
				0.0,
				0.0,
				0.0,
				115.0
			],
			"source_node_id" : 1,
			"target_node_id" : 2,
			"transformation" : 
			[
				0.99917307476240547,
				0.040654777068814797,
				-0.00059646569712752239,
				0.0,
				-0.040651978144697114,
				0.99916484160115393,
				0.004127466664565981,
				0.0,
				0.00076376879089783438,
				-0.0040998060477300405,
				0.99999130408599357,
				0.0,
				5.5254328258951562,
				-5.6639773269824945,
				0.60972495756370459,
				1.0
			],
			"uncertain" : false,
			"version_major" : 1,
			"version_minor" : 0
		},
		{
			"class_name" : "PoseGraphEdge",
			"confidence" : 1.0,
			"information" : 
			[
				16239.093339093581,
				-284.72050874084687,
				-4297.8361841529149,
				0.0,
				-320.86563297825205,
				349.94418640892343,
				-284.72050874084687,
				18716.059825672051,
				-1660.1433385536743,
				320.86563297825205,
				0.0,
				-1217.8942533341201,
				-4297.8361841529149,
				-1660.1433385536743,
				31399.938961589673,
				-349.94418640892343,
				1217.8942533341201,
				0.0,
				0.0,
				320.86563297825205,
				-349.94418640892343,
				121.0,
				0.0,
				0.0,
				-320.86563297825205,
				0.0,
				1217.8942533341201,
				0.0,
				121.0,
				0.0,
				349.94418640892343,
				-1217.8942533341201,
				0.0,
				0.0,
				0.0,
				121.0
			],
			"source_node_id" : 2,
			"target_node_id" : 3,
			"transformation" : 
			[
				0.99335284226835774,
				-0.1150688879893107,
				0.00304660044638779,
				0.0,
				0.11506430348467056,
				0.99335669118830128,
				0.0016401631065687985,
				0.0,
				-0.0032150926835905051,
				-0.0012787057253341194,
				0.99999401402743393,
				0.0,
				0.27297461558088165,
				3.6918052950510574,
				-1.5841215295470059,
				1.0
			],
			"uncertain" : false,
			"version_major" : 1,
			"version_minor" : 0
		},
		{
			"class_name" : "PoseGraphEdge",
			"confidence" : 1.0,
			"information" : 
			[
				20042.591249779747,
				25459.97372527052,
				-9665.9029416835529,
				0.0,
				-224.65224198841366,
				-637.24971378584951,
				25459.97372527052,
				102072.32950585533,
				1213.5866363672649,
				224.65224198841366,
				0.0,
				-3161.0507766421824,
				-9665.9029416835529,
				1213.5866363672649,
				118009.00172204252,
				637.24971378584951,
				3161.0507766421824,
				0.0,
				0.0,
				224.65224198841366,
				637.24971378584951,
				212.0,
				0.0,
				0.0,
				-224.65224198841366,
				0.0,
				3161.0507766421824,
				0.0,
				212.0,
				0.0,
				-637.24971378584951,
				-3161.0507766421824,
				0.0,
				0.0,
				0.0,
				212.0
			],
			"source_node_id" : 3,
			"target_node_id" : 4,
			"transformation" : 
			[
				0.99393669347236124,
				0.10995384106122411,
				4.695860302294723e-05,
				0.0,
				-0.10995384520519036,
				0.99393668935566182,
				9.7351428503342506e-05,
				0.0,
				-3.596971492864836e-05,
				-0.00010192443591925024,
				0.99999999415879492,
				0.0,
				-1.5285839409129085,
				-1.4532183953845754,
				-1.2779089299123736,
				1.0
			],
			"uncertain" : false,
			"version_major" : 1,
			"version_minor" : 0
		},
		{
			"class_name" : "PoseGraphEdge",
			"confidence" : 0.45500683674584369,
			"information" : 
			[
				24473.848442572002,
				41713.780475687883,
				-12883.510658223111,
				0.0,
				-397.6247907377566,
				-1046.4533800249453,
				41713.780475687883,
				105469.93032958495,
				4851.6342728261952,
				397.6247907377566,
				0.0,
				-3180.9171533096142,
				-12883.510658223111,
				4851.6342728261952,
				125946.27623092527,
				1046.4533800249453,
				3180.9171533096142,
				0.0,
				0.0,
				397.6247907377566,
				1046.4533800249453,
				183.0,
				0.0,
				0.0,
				-397.6247907377566,
				0.0,
				3180.9171533096142,
				0.0,
				183.0,
				0.0,
				-1046.4533800249453,
				-3180.9171533096142,
				0.0,
				0.0,
				0.0,
				183.0
			],
			"source_node_id" : 3,
			"target_node_id" : 5,
			"transformation" : 
			[
				0.9885729377179151,
				-0.15074330952022294,
				3.803502793423143e-05,
				0.0,
				0.15074330871899408,
				0.98857293830105375,
				2.3135973320001746e-05,
				0.0,
				-4.1087992510517655e-05,
				-1.7138071153889879e-05,
				0.99999999900903325,
				0.0,
				-1.1742155884920977,
				1.7987260266683922,
				-0.92158797361746125,
				1.0
			],
			"uncertain" : true,
			"version_major" : 1,
			"version_minor" : 0
		},
		{
			"class_name" : "PoseGraphEdge",
			"confidence" : 0.76126620589310345,
			"information" : 
			[
				12443.481084065219,
				1927.7243352894161,
				-4824.5073341191764,
				0.0,
				-326.63707162845702,
				-85.351581293323662,
				1927.7243352894161,
				25207.338306359514,
				-97.249222150337602,
				326.63707162845702,
				0.0,
				-1426.9062260324754,
				-4824.5073341191764,
				-97.249222150337602,
				34059.680017713836,
				85.351581293323662,
				1426.9062260324754,
				0.0,
				0.0,
				326.63707162845702,
				85.351581293323662,
				172.0,
				0.0,
				0.0,
				-326.63707162845702,
				0.0,
				1426.9062260324754,
				0.0,
				172.0,
				0.0,
				-85.351581293323662,
				-1426.9062260324754,
				0.0,
				0.0,
				0.0,
				172.0
			],
			"source_node_id" : 3,
			"target_node_id" : 6,
			"transformation" : 
			[
				0.95451924560654222,
				-0.29814909474742962,
				-0.00035646599438997247,
				0.0,
				0.29814909275384788,
				0.95451931090749254,
				-5.9956158250224617e-05,
				0.0,
				0.00035812954963389851,
				-4.9050705882501573e-05,
				0.99999993466862502,
				0.0,
				0.63643404530389025,
				-2.1017417687905513,
				-0.23809343558454854,
				1.0
			],
			"uncertain" : true,
			"version_major" : 1,
			"version_minor" : 0
		},
		{
			"class_name" : "PoseGraphEdge",
			"confidence" : 1.0,