{
	"class_name" : "PoseGraph",
	"edges" : 
	[
		{
			"class_name" : "PoseGraphEdge",
			"confidence" : 1.0,
			"information" : 
			[
				313258.47004936071,
				71013.237374991426,
				-45782.425601359661,
				0.0,
				-3503.1769357286398,
				23005.468097918361,
				71013.237374991426,
				261416.60031774471,
				-31702.484842043072,
				3503.1769357286398,
				0.0,
				5969.7507652605264,
				-45782.425601359661,
				-31702.484842043072,
				511507.27562095813,
				-23005.468097918361,
				-5969.7507652605264,
				0.0,
				0.0,
				3503.1769357286398,
				-23005.468097918361,
				6389.0,
				0.0,
				0.0,
				-3503.1769357286398,
				0.0,
				-5969.7507652605264,
				0.0,
				6389.0,
				0.0,
				23005.468097918361,
				5969.7507652605264,
				0.0,
				0.0,
				0.0,
				6389.0
			],
			"source_node_id" : 0,
			"target_node_id" : 1,
			"transformation" : 
			[
				0.98968269184212887,
				0.14312660023820103,
				-0.0065533024018665743,
				0.0,
				-0.14319955255783076,
				0.98961492828895337,
				-0.01249727389816287,
				-0.0,
				0.0046965535611893598,
				0.013306765643945683,
				0.99990043122940175,
				-0.0,
				-5.7460101052948378,
				0.78222907662009999,
				1.6412603548475551,
				1.0
			],
			"uncertain" : false,
			"version_major" : 1,
			"version_minor" : 0
		},
		{
			"class_name" : "PoseGraphEdge",
			"confidence" : 1.0,
			"information" : 
			[
				1128437.861653114,
				300817.09223223047,
				-350549.23041381058,
				0.0,
				-46096.836474572003,
				-47862.990158877321,
				300817.09223223047,
				1397066.1516348247,
				12410.273386202854,
				46096.836474572003,
				0.0,
				-112396.23389603876,
				-350549.23041381058,
				12410.273386202854,
				2005603.3516623881,
				47862.990158877321,
				112396.23389603876,
				0.0,
				0.0,
				46096.836474572003,
				47862.990158877321,
				20367.0,
				0.0,
				0.0,
				-46096.836474572003,
				0.0,
				112396.23389603876,
				0.0,
				20367.0,
				0.0,
				-47862.990158877321,
				-112396.23389603876,
				0.0,
				0.0,
				0.0,
				20367.0
			],
			"source_node_id" : 1,
			"target_node_id" : 2,
			"transformation" : 
			[
				0.99969425920565547,
				0.023971720563709057,
				-0.0060617426926217431,
				0.0,
				-0.023978917170490738,
				0.99971184003500824,
				-0.0011173294711197073,
				-0.0,
				0.0060332116312003803,
				0.0012623418838548634,
				0.99998100324475225,
				-0.0,
				5.2172446276078732,
				-5.211331878592512,
				0.5240431030009951,
				1.0
			],
			"uncertain" : false,
			"version_major" : 1,
			"version_minor" : 0
		},
		{
			"class_name" : "PoseGraphEdge",
			"confidence" : 1.0,
			"information" : 
			[
				1540042.2176320876,
				-529203.98836269148,
				-304812.07367577066,
				0.0,
				-16713.56169408383,
				84803.86782974645,
				-529203.98836269148,
				1483406.8366957169,
				-179280.00272654643,
				16713.56169408383,
				0.0,
				-123659.01242070786,
				-304812.07367577066,
				-179280.00272654643,
				2651950.8723594388,
				-84803.86782974645,
				123659.01242070786,
				0.0,
				0.0,
				16713.56169408383,
				-84803.86782974645,
				22130.0,
				0.0,
				0.0,
				-16713.56169408383,
				0.0,
				123659.01242070786,
				0.0,
				22130.0,
				0.0,
				84803.86782974645,
				-123659.01242070786,
				0.0,
				0.0,
				0.0,
				22130.0
			],
			"source_node_id" : 2,
			"target_node_id" : 3,
			"transformation" : 
			[
				0.99561784907058026,
				-0.092860669304298551,
				0.0110451214763795,
				-0.0,
				0.092791258162515114,
				0.9956634428010479,
				0.0066401113077964478,
				0.0,
				-0.011613828855624869,
				-0.0055861226195064641,
				0.99991695365834887,
				-0.0,
				0.30421770640158069,
				3.4166666546245783,
				-1.7821972004212985,
				1.0
			],
			"uncertain" : false,
			"version_major" : 1,
			"version_minor" : 0
		},
		{
			"class_name" : "PoseGraphEdge",
			"confidence" : 1.0,
			"information" : 
			[
				1631502.6645546027,
				1378286.8050504529,
				-406868.94080179289,
				0.0,
				11837.432030879001,
				-20408.603566086349,
				1378286.8050504529,
				5192272.601868514,
				20615.85572816636,
				-11837.432030879001,
				0.0,
				-170380.29451482682,
				-406868.94080179289,
				20615.85572816636,
				6452764.8803865658,
				20408.603566086349,
				170380.29451482682,
				0.0,
				0.0,
				-11837.432030879001,
				20408.603566086349,
				24152.0,
				0.0,
				0.0,
				11837.432030879001,
				0.0,
				170380.29451482682,
				0.0,
				24152.0,
				0.0,
				-20408.603566086349,
				-170380.29451482682,
				0.0,
				0.0,
				0.0,
				24152.0
			],
			"source_node_id" : 3,
			"target_node_id" : 4,
			"transformation" : 
			[
				0.99448474083010996,
				0.10485365061756745,
				0.0024108521810423215,
				-0.0,
				-0.10487478157946091,
				0.99441709167662906,
				0.011658815122240531,
				0.0,
				-0.0011749232868921457,
				-0.011847351331134714,
				0.99992912739939044,
				-0.0,
				-1.6150201749157638,
				-1.5062546434267503,
				-1.2854420306311201,
				1.0
			],
			"uncertain" : false,
			"version_major" : 1,
			"version_minor" : 0
		},
		{
			"class_name" : "PoseGraphEdge",
			"confidence" : 1.0,
			"information" : 
			[
				1723043.86950829,
				1734137.1381627962,
				-452025.80429856689,
				0.0,
				-3075.1175585472474,
				-45073.272894647846,
				1734137.1381627962,
				4379156.045666514,
				110193.75029026922,
				3075.1175585472474,
				0.0,
				-171117.85870203734,
				-452025.80429856689,
				110193.75029026922,
				5754201.0393492412,
				45073.272894647846,
				171117.85870203734,
				0.0,
				0.0,
				3075.1175585472474,
				45073.272894647846,
				19698.0,
				0.0,
				0.0,
				-3075.1175585472474,
				0.0,
				171117.85870203734,
				0.0,
				19698.0,
				0.0,
				-45073.272894647846,
				-171117.85870203734,
				0.0,
				0.0,
				0.0,
				19698.0
			],
			"source_node_id" : 4,
			"target_node_id" : 5,
			"transformation" : 
			[
				0.97089909995703483,
				-0.23935563998163489,
				0.0079884486355439686,
				-0.0,
				0.23934313391448103,
				0.97093182642910525,
				0.0025005349501165657,
				0.0,
				-0.0083547561673253962,
				-0.00051578680093332862,
				0.99996496539296931,
				-0.0,
				0.75189640483670583,
				2.5986424219949318,
				0.16150070965760038,
				1.0
			],
			"uncertain" : false,
			"version_major" : 1,
			"version_minor" : 0
		},
		{
			"class_name" : "PoseGraphEdge",
			"confidence" : 1.0,
			"information" : 
			[
				712976.31550473289,
				436073.96406852675,
				-336077.90053066128,
				0.0,
				-15326.884678506292,
				-23543.17703222956,
				436073.96406852675,
				1743995.7581459349,
				18898.879903218371,
				15326.884678506292,
				0.0,
				-90559.144416857569,
				-336077.90053066128,
				18898.879903218371,
				2198710.6275085765,
				23543.17703222956,
				90559.144416857569,
				0.0,
				0.0,
				15326.884678506292,
				23543.17703222956,
				11477.0,
				0.0,
				0.0,
				-15326.884678506292,
				0.0,
				90559.144416857569,
				0.0,
				11477.0,
				0.0,
				-23543.17703222956,
				-90559.144416857569,
				0.0,
				0.0,
				0.0,
				11477.0
			],
			"source_node_id" : 5,
			"target_node_id" : 6,
			"transformation" : 
			[
				0.98562338693043861,
				-0.16895090246489608,
				-0.0014600315300115827,
				-0.0,
				0.1689560158245744,
				0.98561211699016171,
				0.0047560024030316242,
				-0.0,
				0.00063549386904969537,
				-0.0049343083070143507,
				0.99998762429795818,
				-0.0,
				1.4261804822369351,
				-3.5994263525197887,
				0.75783715499040727,
				1.0
			],
			"uncertain" : false,
			"version_major" : 1,
			"version_minor" : 0
		}
	],
	"nodes" : 
	[
		{
			"class_name" : "PoseGraphNode",
			"pose" : 
			[
				1.0,
				-3.6287885630092423e-24,
				2.6469779601696886e-23,
				0.0,
				-3.6278766398028068e-24,
				1.0,
				-1.3234889800848443e-23,
				0.0,
				0.0,
				-1.3234889800848443e-23,
				1.0,
				0.0,
				0.0,
				0.0,
				0.0,
				1.0
			],
			"version_major" : 1,
			"version_minor" : 0
		},
		{
			"class_name" : "PoseGraphNode",